strike,theta_iv,hold,pnl_taker_sum,n_trades_taker,pnl_maker_sum,n_fills_maker,pnl_taker_per_trade,pnl_maker_per_fill
4000,0.003,1,-563799.0,26997,-52.0,5,-20.88376486276253,-10.4
4000,0.003,5,-563990.0,26986,-93.0,9,-20.89935522122582,-10.333333333333334
4000,0.003,20,-562724.0,26946,-719.0,60,-20.88339642247458,-11.983333333333333
4000,0.003,100,-559097.0,26742,-32881.0,2297,-20.907075013088026,-14.314758380496299
4000,0.005,1,-563652.0,26990,-52.0,5,-20.88373471656169,-10.4
4000,0.005,5,-563840.0,26979,-93.0,9,-20.899217910226472,-10.333333333333334
4000,0.005,20,-562581.0,26939,-719.0,60,-20.883514607075245,-11.983333333333333
4000,0.005,100,-559011.0,26735,-32881.0,2297,-20.909332335889285,-14.314758380496299
4000,0.01,1,-563231.0,26970,-52.0,5,-20.883611420096404,-10.4
4000,0.01,5,-563426.0,26959,-93.0,9,-20.89936570347565,-10.333333333333334
4000,0.01,20,-562186.0,26919,-719.0,60,-20.884356774025782,-11.983333333333333
4000,0.01,100,-558666.0,26716,-32841.0,2294,-20.911289115136995,-14.316041848299912
4000,0.02,1,-562397.0,26931,-52.0,5,-20.88288589357989,-10.4
4000,0.02,5,-562600.0,26920,-93.0,9,-20.898959881129272,-10.333333333333334
4000,0.02,20,-561334.0,26880,-719.0,60,-20.88296130952381,-11.983333333333333
4000,0.02,100,-557810.0,26677,-32782.0,2290,-20.909772463170523,-14.31528384279476
4500,0.003,1,-300.0,19,0.0,0,-15.789473684210526,
4500,0.003,5,-278.0,18,0.0,0,-15.444444444444445,
4500,0.003,20,-235.0,15,0.0,0,-15.666666666666666,
4500,0.003,100,-200.0,15,-29.0,3,-13.333333333333334,-9.666666666666666
4500,0.005,1,0.0,0,0.0,0,,
4500,0.005,5,0.0,0,0.0,0,,
4500,0.005,20,0.0,0,0.0,0,,
4500,0.005,100,0.0,0,0.0,0,,
4500,0.01,1,0.0,0,0.0,0,,
4500,0.01,5,0.0,0,0.0,0,,
4500,0.01,20,0.0,0,0.0,0,,
4500,0.01,100,0.0,0,0.0,0,,
4500,0.02,1,0.0,0,0.0,0,,
4500,0.02,5,0.0,0,0.0,0,,
4500,0.02,20,0.0,0,0.0,0,,
4500,0.02,100,0.0,0,0.0,0,,
5000,0.003,1,-137744.0,22801,-70.0,21,-6.041138546554976,-3.3333333333333335
5000,0.003,5,-137660.0,22792,-2582.0,514,-6.03983853983854,-5.023346303501945
5000,0.003,20,-136912.0,22751,-28884.0,5057,-6.01784536943431,-5.711686770812735
5000,0.003,100,-134266.0,22572,-73570.0,13071,-5.948343079922028,-5.628490551602785
5000,0.005,1,-124836.0,20639,-70.0,21,-6.048548863801541,-3.3333333333333335
5000,0.005,5,-124810.0,20630,-2348.0,463,-6.049927290353853,-5.071274298056156
5000,0.005,20,-124009.0,20591,-26082.0,4552,-6.022485551940168,-5.729789103690686
5000,0.005,100,-122143.0,20416,-67215.0,11756,-5.982709639498433,-5.717505954406261
5000,0.01,1,-92027.0,15239,-49.0,13,-6.038913314521951,-3.769230769230769
5000,0.01,5,-92211.0,15232,-1697.0,323,-6.053768382352941,-5.253869969040248
5000,0.01,20,-91790.0,15202,-19563.0,3339,-6.0380213129851334,-5.858939802336029
5000,0.01,100,-91046.0,15072,-50900.0,8620,-6.0407377919320595,-5.9048723897911835
5000,0.02,1,-5105.0,898,0.0,0,-5.684855233853007,
5000,0.02,5,-5198.0,897,-136.0,25,-5.794871794871795,-5.44
5000,0.02,20,-5247.0,894,-1266.0,200,-5.869127516778524,-6.33
5000,0.02,100,-6553.0,881,-4183.0,514,-7.438138479001135,-8.138132295719844
5100,0.003,1,-73148.0,17153,-413.0,136,-4.2644435375736025,-3.036764705882353
5100,0.003,5,-73244.0,17148,-6027.0,1601,-4.271285281082342,-3.764522173641474
5100,0.003,20,-73436.0,17126,-26562.0,6613,-4.287983183463739,-4.016633902918494
5100,0.003,100,-74199.0,17025,-47013.0,12116,-4.358237885462555,-3.8802410036315615
5100,0.005,1,-34671.0,8227,-250.0,82,-4.214294396499332,-3.048780487804878
5100,0.005,5,-34964.0,8226,-2977.0,806,-4.25042548018478,-3.693548387096774
5100,0.005,20,-35852.0,8217,-13094.0,3233,-4.363149567968845,-4.050108258583359
5100,0.005,100,-39002.0,8167,-24422.0,6025,-4.775560181217093,-4.05344398340249
5100,0.01,1,-890.0,228,-31.0,8,-3.9035087719298245,-3.875
5100,0.01,5,-851.0,227,-94.0,25,-3.748898678414097,-3.76
5100,0.01,20,-901.0,224,-289.0,78,-4.022321428571429,-3.7051282051282053
5100,0.01,100,-930.0,221,-504.0,155,-4.208144796380091,-3.2516129032258063
5100,0.02,1,-96.0,21,-22.0,5,-4.571428571428571,-4.4
5100,0.02,5,-82.0,21,-30.0,7,-3.9047619047619047,-4.285714285714286
5100,0.02,20,-75.0,21,-48.0,12,-3.5714285714285716,-4.0
5100,0.02,100,-41.0,19,-41.0,12,-2.1578947368421053,-3.4166666666666665
5200,0.003,1,-70142.0,24325,-1478.0,610,-2.883535457348407,-2.422950819672131
5200,0.003,5,-69925.0,24314,-13984.0,5367,-2.8759151106358476,-2.6055524501583753
5200,0.003,20,-69975.0,24272,-33987.0,12724,-2.8829515491100857,-2.671093995598868
5200,0.003,100,-68713.0,24061,-47667.0,18683,-2.8557832176551265,-2.551356848471873
5200,0.005,1,-50956.0,17786,-902.0,388,-2.8649499606432025,-2.3247422680412373
5200,0.005,5,-50836.0,17779,-9927.0,3839,-2.8593284211710444,-2.5858296431362335
5200,0.005,20,-50507.0,17744,-24551.0,9226,-2.84642696122633,-2.6610665510513765
5200,0.005,100,-48980.0,17600,-34112.0,13668,-2.7829545454545452,-2.495756511559848
5200,0.01,1,-11807.0,4240,-192.0,88,-2.7846698113207546,-2.1818181818181817
5200,0.01,5,-11726.0,4239,-2232.0,875,-2.7662184477471103,-2.5508571428571427
5200,0.01,20,-11549.0,4232,-5682.0,2143,-2.728969754253308,-2.65142323845077
5200,0.01,100,-10648.0,4217,-7831.0,3186,-2.5250177851553235,-2.4579409918392967
5200,0.02,1,0.0,0,0.0,0,,
5200,0.02,5,0.0,0,0.0,0,,
5200,0.02,20,0.0,0,0.0,0,,
5200,0.02,100,0.0,0,0.0,0,,
5300,0.003,1,-46829.0,22373,-4463.0,2374,-2.0931032941491976,-1.879949452401011
5300,0.003,5,-46832.0,22362,-14468.0,8044,-2.094267060191396,-1.798607657881651
5300,0.003,20,-47009.0,22326,-25467.0,14087,-2.10557197885873,-1.8078370128487258
5300,0.003,100,-47329.0,22142,-32950.0,18369,-2.1375214524433206,-1.7937830039740867
5300,0.005,1,-37432.0,17967,-3540.0,1876,-2.0833750765291925,-1.8869936034115138
5300,0.005,5,-37411.0,17960,-11444.0,6380,-2.0830178173719376,-1.793730407523511
5300,0.005,20,-37594.0,17925,-20387.0,11295,-2.097294281729428,-1.8049579459938025
5300,0.005,100,-37831.0,17783,-26555.0,14702,-2.1273688354046,-1.806216841246089
5300,0.01,1,-11475.0,5677,-1153.0,615,-2.021314074335036,-1.8747967479674796
5300,0.01,5,-11499.0,5674,-3575.0,2029,-2.026612618963694,-1.7619517003449976
5300,0.01,20,-11565.0,5668,-6488.0,3631,-2.0404022582921666,-1.7868355824841642
5300,0.01,100,-11964.0,5638,-8673.0,4651,-2.1220290883291946,-1.8647602666093313
5300,0.02,1,-87.0,56,-6.0,3,-1.5535714285714286,-2.0
5300,0.02,5,-89.0,55,-24.0,13,-1.6181818181818182,-1.8461538461538463
5300,0.02,20,-95.0,55,-77.0,35,-1.7272727272727273,-2.2
5300,0.02,100,-167.0,50,-148.0,46,-3.34,-3.217391304347826
5400,0.003,1,-39519.0,28698,-19737.0,17763,-1.3770646038051433,-1.1111298767100153
5400,0.003,5,-39490.0,28686,-25659.0,22170,-1.3766297148434776,-1.1573748308525034
5400,0.003,20,-39372.0,28641,-28752.0,25198,-1.3746726720435738,-1.1410429399158664
5400,0.003,100,-38988.0,28401,-29883.0,26988,-1.3727685644871659,-1.1072698977323254
5400,0.005,1,-38520.0,28004,-19297.0,17377,-1.3755177831738323,-1.11049087874777
5400,0.005,5,-38479.0,27992,-25044.0,21652,-1.374642755072878,-1.156659892850545
5400,0.005,20,-38363.0,27948,-28051.0,24602,-1.3726563618147989,-1.140191854320787
5400,0.005,100,-38090.0,27710,-29240.0,26334,-1.3745940093828943,-1.1103516366674262
5400,0.01,1,-31773.0,23274,-15972.0,14457,-1.3651714359370972,-1.1047935256277237
5400,0.01,5,-31737.0,23262,-20766.0,18033,-1.3643280887283982,-1.1515554816170355
5400,0.01,20,-31734.0,23220,-23300.0,20467,-1.3666666666666667,-1.1384179410758783
5400,0.01,100,-31634.0,22999,-24306.0,21888,-1.375451106569851,-1.1104714912280702
5400,0.02,1,-220.0,179,-101.0,95,-1.229050279329609,-1.063157894736842
5400,0.02,5,-203.0,179,-122.0,121,-1.1340782122905029,-1.0082644628099173
5400,0.02,20,-183.0,179,-118.0,138,-1.0223463687150838,-0.855072463768116
5400,0.02,100,-121.0,177,-79.0,161,-0.6836158192090396,-0.4906832298136646
5500,0.003,1,-26436.0,23111,-20280.0,19637,-1.1438708839946345,-1.0327443092122015
5500,0.003,5,-26319.0,23101,-22109.0,21127,-1.1393013289467988,-1.046480806550859
5500,0.003,20,-26147.0,23063,-22657.0,21942,-1.1337206781424793,-1.0325859083037099
5500,0.003,100,-25759.0,22852,-22616.0,22274,-1.1272098722212498,-1.0153542246565503
5500,0.005,1,-21651.0,18898,-16512.0,15993,-1.1456767911948353,-1.0324516976177078
5500,0.005,5,-21570.0,18888,-18077.0,17255,-1.141994917407878,-1.0476383656911041
5500,0.005,20,-21376.0,18856,-18477.0,17909,-1.133644463300806,-1.0317158970350104
5500,0.005,100,-20929.0,18662,-18340.0,18148,-1.1214767977708713,-1.0105796782014547
5500,0.01,1,-14042.0,12216,-10688.0,10344,-1.1494760969220694,-1.0332559938128383
5500,0.01,5,-14014.0,12210,-11750.0,11166,-1.1477477477477478,-1.0523016299480565
5500,0.01,20,-13905.0,12182,-12007.0,11568,-1.141438187489739,-1.0379495159059475
5500,0.01,100,-13574.0,12049,-11892.0,11717,-1.1265665200431572,-1.0149355637108475
5500,0.02,1,-589.0,532,-436.0,432,-1.1071428571428572,-1.0092592592592593
5500,0.02,5,-565.0,532,-483.0,488,-1.0620300751879699,-0.9897540983606558
5500,0.02,20,-535.0,532,-468.0,501,-1.005639097744361,-0.9341317365269461
5500,0.02,100,-517.0,530,-460.0,517,-0.9754716981132076,-0.8897485493230174
6000,0.003,1,-29931.0,29931,-29931.0,29931,-1.0,-1.0
6000,0.003,5,-29919.0,29919,-29919.0,29919,-1.0,-1.0
6000,0.003,20,-29874.0,29874,-29874.0,29874,-1.0,-1.0
6000,0.003,100,-29634.0,29634,-29634.0,29634,-1.0,-1.0
6000,0.005,1,-29885.0,29885,-29885.0,29885,-1.0,-1.0
6000,0.005,5,-29873.0,29873,-29873.0,29873,-1.0,-1.0
6000,0.005,20,-29828.0,29828,-29828.0,29828,-1.0,-1.0
6000,0.005,100,-29588.0,29588,-29588.0,29588,-1.0,-1.0
6000,0.01,1,-29726.0,29726,-29726.0,29726,-1.0,-1.0
6000,0.01,5,-29714.0,29714,-29714.0,29714,-1.0,-1.0
6000,0.01,20,-29669.0,29669,-29669.0,29669,-1.0,-1.0
6000,0.01,100,-29430.0,29430,-29430.0,29430,-1.0,-1.0
6000,0.02,1,-28939.0,28939,-28939.0,28939,-1.0,-1.0
6000,0.02,5,-28928.0,28928,-28928.0,28928,-1.0,-1.0
6000,0.02,20,-28883.0,28883,-28883.0,28883,-1.0,-1.0
6000,0.02,100,-28647.0,28647,-28647.0,28647,-1.0,-1.0
6500,0.003,1,-29935.0,29935,-29935.0,29935,-1.0,-1.0
6500,0.003,5,-29923.0,29923,-29923.0,29923,-1.0,-1.0
6500,0.003,20,-29878.0,29878,-29878.0,29878,-1.0,-1.0
6500,0.003,100,-29639.0,29639,-29639.0,29639,-1.0,-1.0
6500,0.005,1,-29905.0,29905,-29905.0,29905,-1.0,-1.0
6500,0.005,5,-29893.0,29893,-29893.0,29893,-1.0,-1.0
6500,0.005,20,-29848.0,29848,-29848.0,29848,-1.0,-1.0
6500,0.005,100,-29610.0,29610,-29610.0,29610,-1.0,-1.0
6500,0.01,1,-29820.0,29820,-29820.0,29820,-1.0,-1.0
6500,0.01,5,-29808.0,29808,-29808.0,29808,-1.0,-1.0
6500,0.01,20,-29763.0,29763,-29763.0,29763,-1.0,-1.0
6500,0.01,100,-29526.0,29526,-29526.0,29526,-1.0,-1.0
6500,0.02,1,-29579.0,29579,-29579.0,29579,-1.0,-1.0
6500,0.02,5,-29567.0,29567,-29567.0,29567,-1.0,-1.0
6500,0.02,20,-29523.0,29523,-29523.0,29523,-1.0,-1.0
6500,0.02,100,-29288.0,29288,-29288.0,29288,-1.0,-1.0
