timestamp,buyer,seller,symbol,currency,price,quantity
800,,,MICROCHIP_CIRCLE,XIRECS,8552.0,1
800,,,MICROCHIP_OVAL,XIRECS,7470.0,1
800,,,MICROCHIP_RECTANGLE,XIRECS,7838.0,1
800,,,MICROCHIP_SQUARE,XIRECS,15913.0,1
800,,,MICROCHIP_TRIANGLE,XIRECS,9023.0,1
2500,,,MICROCHIP_CIRCLE,XIRECS,8580.0,1
2500,,,MICROCHIP_OVAL,XIRECS,7453.0,1
2500,,,MICROCHIP_RECTANGLE,XIRECS,7841.0,1
2500,,,MICROCHIP_SQUARE,XIRECS,15994.0,1
2500,,,MICROCHIP_TRIANGLE,XIRECS,8991.0,1
24000,,,MICROCHIP_CIRCLE,XIRECS,8618.0,1
24000,,,MICROCHIP_OVAL,XIRECS,7324.0,1
24000,,,MICROCHIP_RECTANGLE,XIRECS,7982.0,1
24000,,,MICROCHIP_SQUARE,XIRECS,15744.0,1
24000,,,MICROCHIP_TRIANGLE,XIRECS,9081.0,1
24700,,,MICROCHIP_CIRCLE,XIRECS,8613.0,3
24700,,,MICROCHIP_OVAL,XIRECS,7293.0,3
24700,,,MICROCHIP_RECTANGLE,XIRECS,8006.0,3
24700,,,MICROCHIP_SQUARE,XIRECS,15832.0,3
24700,,,MICROCHIP_TRIANGLE,XIRECS,9107.0,3
26200,,,MICROCHIP_CIRCLE,XIRECS,8579.0,2
26200,,,MICROCHIP_OVAL,XIRECS,7289.0,2
26200,,,MICROCHIP_RECTANGLE,XIRECS,7997.0,2
26200,,,MICROCHIP_SQUARE,XIRECS,15661.0,2
26200,,,MICROCHIP_TRIANGLE,XIRECS,9155.0,2
26600,,,MICROCHIP_CIRCLE,XIRECS,8561.0,1
26600,,,MICROCHIP_OVAL,XIRECS,7335.0,1
26600,,,MICROCHIP_RECTANGLE,XIRECS,7976.0,1
26600,,,MICROCHIP_SQUARE,XIRECS,15667.0,1
26600,,,MICROCHIP_TRIANGLE,XIRECS,9148.0,1
29700,,,MICROCHIP_CIRCLE,XIRECS,8545.0,3
29700,,,MICROCHIP_OVAL,XIRECS,7390.0,3
29700,,,MICROCHIP_RECTANGLE,XIRECS,7939.0,3
29700,,,MICROCHIP_SQUARE,XIRECS,15675.0,3
29700,,,MICROCHIP_TRIANGLE,XIRECS,9103.0,3
32000,,,MICROCHIP_CIRCLE,XIRECS,8581.0,2
32000,,,MICROCHIP_OVAL,XIRECS,7405.0,2
32000,,,MICROCHIP_RECTANGLE,XIRECS,8032.0,2
32000,,,MICROCHIP_SQUARE,XIRECS,15707.0,2
32000,,,MICROCHIP_TRIANGLE,XIRECS,9164.0,2
43700,,,MICROCHIP_CIRCLE,XIRECS,8615.0,1
43700,,,MICROCHIP_OVAL,XIRECS,7509.0,1
43700,,,MICROCHIP_RECTANGLE,XIRECS,7953.0,1
43700,,,MICROCHIP_SQUARE,XIRECS,15916.0,1
43700,,,MICROCHIP_TRIANGLE,XIRECS,9226.0,1
53300,,,MICROCHIP_CIRCLE,XIRECS,8623.0,3
53300,,,MICROCHIP_OVAL,XIRECS,7473.0,3
53300,,,MICROCHIP_RECTANGLE,XIRECS,7846.0,3
53300,,,MICROCHIP_SQUARE,XIRECS,15647.0,3
53300,,,MICROCHIP_TRIANGLE,XIRECS,9377.0,3
57900,,,MICROCHIP_CIRCLE,XIRECS,8584.0,3
57900,,,MICROCHIP_OVAL,XIRECS,7409.0,3
57900,,,MICROCHIP_RECTANGLE,XIRECS,7737.0,3
57900,,,MICROCHIP_SQUARE,XIRECS,15834.0,3
57900,,,MICROCHIP_TRIANGLE,XIRECS,9526.0,3
60900,,,MICROCHIP_CIRCLE,XIRECS,8589.0,2
60900,,,MICROCHIP_OVAL,XIRECS,7314.0,2
60900,,,MICROCHIP_RECTANGLE,XIRECS,7638.0,2
60900,,,MICROCHIP_SQUARE,XIRECS,15875.0,2
60900,,,MICROCHIP_TRIANGLE,XIRECS,9507.0,2
63100,,,MICROCHIP_CIRCLE,XIRECS,8580.0,3
63100,,,MICROCHIP_OVAL,XIRECS,7241.0,3
63100,,,MICROCHIP_RECTANGLE,XIRECS,7636.0,3
63100,,,MICROCHIP_SQUARE,XIRECS,15794.0,3
63100,,,MICROCHIP_TRIANGLE,XIRECS,9466.0,3
67900,,,MICROCHIP_CIRCLE,XIRECS,8571.0,2
67900,,,MICROCHIP_OVAL,XIRECS,7230.0,2
67900,,,MICROCHIP_RECTANGLE,XIRECS,7672.0,2
67900,,,MICROCHIP_SQUARE,XIRECS,15921.0,2
67900,,,MICROCHIP_TRIANGLE,XIRECS,9415.0,2
73100,,,MICROCHIP_CIRCLE,XIRECS,8486.0,3
73100,,,MICROCHIP_OVAL,XIRECS,7150.0,3
73100,,,MICROCHIP_RECTANGLE,XIRECS,7657.0,3
73100,,,MICROCHIP_SQUARE,XIRECS,15852.0,3
73100,,,MICROCHIP_TRIANGLE,XIRECS,9345.0,3
79300,,,MICROCHIP_CIRCLE,XIRECS,8497.0,3
79300,,,MICROCHIP_OVAL,XIRECS,7127.0,3
79300,,,MICROCHIP_RECTANGLE,XIRECS,7590.0,3
79300,,,MICROCHIP_SQUARE,XIRECS,16126.0,3
79300,,,MICROCHIP_TRIANGLE,XIRECS,9429.0,3
81500,,,MICROCHIP_CIRCLE,XIRECS,8416.0,3
81500,,,MICROCHIP_OVAL,XIRECS,7138.0,3
81500,,,MICROCHIP_RECTANGLE,XIRECS,7547.0,3
81500,,,MICROCHIP_SQUARE,XIRECS,16058.0,3
81500,,,MICROCHIP_TRIANGLE,XIRECS,9437.0,3
87300,,,MICROCHIP_CIRCLE,XIRECS,8429.0,1
87300,,,MICROCHIP_OVAL,XIRECS,7045.0,1
87300,,,MICROCHIP_RECTANGLE,XIRECS,7573.0,1
87300,,,MICROCHIP_SQUARE,XIRECS,15772.0,1
87300,,,MICROCHIP_TRIANGLE,XIRECS,9507.0,1
91100,,,MICROCHIP_CIRCLE,XIRECS,8444.0,2
91100,,,MICROCHIP_OVAL,XIRECS,7077.0,2
91100,,,MICROCHIP_RECTANGLE,XIRECS,7608.0,2
91100,,,MICROCHIP_SQUARE,XIRECS,15525.0,2
91100,,,MICROCHIP_TRIANGLE,XIRECS,9476.0,2
94300,,,MICROCHIP_CIRCLE,XIRECS,8385.0,3
94300,,,MICROCHIP_OVAL,XIRECS,7128.0,3
94300,,,MICROCHIP_RECTANGLE,XIRECS,7604.0,3
94300,,,MICROCHIP_SQUARE,XIRECS,15371.0,3
94300,,,MICROCHIP_TRIANGLE,XIRECS,9503.0,3
96100,,,MICROCHIP_CIRCLE,XIRECS,8360.0,2
96100,,,MICROCHIP_OVAL,XIRECS,7045.0,2
96100,,,MICROCHIP_RECTANGLE,XIRECS,7574.0,2
96100,,,MICROCHIP_SQUARE,XIRECS,15360.0,2
96100,,,MICROCHIP_TRIANGLE,XIRECS,9499.0,2
97400,,,MICROCHIP_CIRCLE,XIRECS,8357.0,1
97400,,,MICROCHIP_OVAL,XIRECS,7041.0,1
97400,,,MICROCHIP_RECTANGLE,XIRECS,7614.0,1
97400,,,MICROCHIP_SQUARE,XIRECS,15465.0,1
97400,,,MICROCHIP_TRIANGLE,XIRECS,9452.0,1
124300,,,MICROCHIP_CIRCLE,XIRECS,8565.0,3
124300,,,MICROCHIP_OVAL,XIRECS,6777.0,3
124300,,,MICROCHIP_RECTANGLE,XIRECS,7687.0,3
124300,,,MICROCHIP_SQUARE,XIRECS,14708.0,3
124300,,,MICROCHIP_TRIANGLE,XIRECS,9128.0,3
131300,,,MICROCHIP_CIRCLE,XIRECS,8562.0,1
131300,,,MICROCHIP_OVAL,XIRECS,6793.0,1
131300,,,MICROCHIP_RECTANGLE,XIRECS,7894.0,1
131300,,,MICROCHIP_SQUARE,XIRECS,14627.0,1
131300,,,MICROCHIP_TRIANGLE,XIRECS,9111.0,1
131500,,,MICROCHIP_CIRCLE,XIRECS,8582.0,2
131500,,,MICROCHIP_OVAL,XIRECS,6798.0,2
131500,,,MICROCHIP_RECTANGLE,XIRECS,7925.0,2
131500,,,MICROCHIP_SQUARE,XIRECS,14618.0,2
131500,,,MICROCHIP_TRIANGLE,XIRECS,9142.0,2
132300,,,MICROCHIP_CIRCLE,XIRECS,8591.0,3
132300,,,MICROCHIP_OVAL,XIRECS,6758.0,3
132300,,,MICROCHIP_RECTANGLE,XIRECS,7945.0,3
132300,,,MICROCHIP_SQUARE,XIRECS,14614.0,3
132300,,,MICROCHIP_TRIANGLE,XIRECS,9034.0,3
144300,,,MICROCHIP_CIRCLE,XIRECS,8743.0,2
144300,,,MICROCHIP_OVAL,XIRECS,6814.0,2
144300,,,MICROCHIP_RECTANGLE,XIRECS,7970.0,2
144300,,,MICROCHIP_SQUARE,XIRECS,14466.0,2
144300,,,MICROCHIP_TRIANGLE,XIRECS,8926.0,2
151800,,,MICROCHIP_CIRCLE,XIRECS,8763.0,1
151800,,,MICROCHIP_OVAL,XIRECS,6770.0,1
151800,,,MICROCHIP_RECTANGLE,XIRECS,8293.0,1
151800,,,MICROCHIP_SQUARE,XIRECS,14535.0,1
151800,,,MICROCHIP_TRIANGLE,XIRECS,8997.0,1
152900,,,MICROCHIP_CIRCLE,XIRECS,8755.0,3
152900,,,MICROCHIP_OVAL,XIRECS,6772.0,3
152900,,,MICROCHIP_RECTANGLE,XIRECS,8287.0,3
152900,,,MICROCHIP_SQUARE,XIRECS,14628.0,3
152900,,,MICROCHIP_TRIANGLE,XIRECS,9001.0,3
153500,,,MICROCHIP_CIRCLE,XIRECS,8728.0,1
153500,,,MICROCHIP_OVAL,XIRECS,6783.0,1
153500,,,MICROCHIP_RECTANGLE,XIRECS,8246.0,1
153500,,,MICROCHIP_SQUARE,XIRECS,14661.0,1
153500,,,MICROCHIP_TRIANGLE,XIRECS,9049.0,1
162800,,,MICROCHIP_CIRCLE,XIRECS,8797.0,3
162800,,,MICROCHIP_OVAL,XIRECS,6815.0,3
162800,,,MICROCHIP_RECTANGLE,XIRECS,8015.0,3
162800,,,MICROCHIP_SQUARE,XIRECS,14641.0,3
162800,,,MICROCHIP_TRIANGLE,XIRECS,9180.0,3
168800,,,MICROCHIP_CIRCLE,XIRECS,8835.0,1
168800,,,MICROCHIP_OVAL,XIRECS,6881.0,1
168800,,,MICROCHIP_RECTANGLE,XIRECS,8060.0,1
168800,,,MICROCHIP_SQUARE,XIRECS,14450.0,1
168800,,,MICROCHIP_TRIANGLE,XIRECS,9231.0,1
176300,,,MICROCHIP_CIRCLE,XIRECS,8883.0,1
176300,,,MICROCHIP_OVAL,XIRECS,6881.0,1
176300,,,MICROCHIP_RECTANGLE,XIRECS,8015.0,1
176300,,,MICROCHIP_SQUARE,XIRECS,14542.0,1
176300,,,MICROCHIP_TRIANGLE,XIRECS,9416.0,1
202500,,,MICROCHIP_CIRCLE,XIRECS,8911.0,1
202500,,,MICROCHIP_OVAL,XIRECS,6768.0,1
202500,,,MICROCHIP_RECTANGLE,XIRECS,8170.0,1
202500,,,MICROCHIP_SQUARE,XIRECS,14694.0,1
202500,,,MICROCHIP_TRIANGLE,XIRECS,9297.0,1
206300,,,MICROCHIP_CIRCLE,XIRECS,8880.0,1
206300,,,MICROCHIP_OVAL,XIRECS,6669.0,1
206300,,,MICROCHIP_RECTANGLE,XIRECS,8266.0,1
206300,,,MICROCHIP_SQUARE,XIRECS,14728.0,1
206300,,,MICROCHIP_TRIANGLE,XIRECS,9390.0,1
209100,,,MICROCHIP_CIRCLE,XIRECS,8849.0,2
209100,,,MICROCHIP_OVAL,XIRECS,6698.0,2
209100,,,MICROCHIP_RECTANGLE,XIRECS,8279.0,2
209100,,,MICROCHIP_SQUARE,XIRECS,14782.0,2
209100,,,MICROCHIP_TRIANGLE,XIRECS,9363.0,2
210700,,,MICROCHIP_CIRCLE,XIRECS,8869.0,1
210700,,,MICROCHIP_OVAL,XIRECS,6718.0,1
210700,,,MICROCHIP_RECTANGLE,XIRECS,8287.0,1
210700,,,MICROCHIP_SQUARE,XIRECS,14823.0,1
210700,,,MICROCHIP_TRIANGLE,XIRECS,9400.0,1
216000,,,MICROCHIP_CIRCLE,XIRECS,8860.0,3
216000,,,MICROCHIP_OVAL,XIRECS,6699.0,3
216000,,,MICROCHIP_RECTANGLE,XIRECS,8331.0,3
216000,,,MICROCHIP_SQUARE,XIRECS,14879.0,3
216000,,,MICROCHIP_TRIANGLE,XIRECS,9221.0,3
218100,,,MICROCHIP_CIRCLE,XIRECS,8890.0,2
218100,,,MICROCHIP_OVAL,XIRECS,6704.0,2
218100,,,MICROCHIP_RECTANGLE,XIRECS,8258.0,2
218100,,,MICROCHIP_SQUARE,XIRECS,14986.0,2
218100,,,MICROCHIP_TRIANGLE,XIRECS,9223.0,2
221900,,,MICROCHIP_CIRCLE,XIRECS,8866.0,2
221900,,,MICROCHIP_OVAL,XIRECS,6730.0,2
221900,,,MICROCHIP_RECTANGLE,XIRECS,8209.0,2
221900,,,MICROCHIP_SQUARE,XIRECS,14890.0,2
221900,,,MICROCHIP_TRIANGLE,XIRECS,8978.0,2
227400,,,MICROCHIP_CIRCLE,XIRECS,8942.0,3
227400,,,MICROCHIP_OVAL,XIRECS,6594.0,3
227400,,,MICROCHIP_RECTANGLE,XIRECS,8140.0,3
227400,,,MICROCHIP_SQUARE,XIRECS,14833.0,3
227400,,,MICROCHIP_TRIANGLE,XIRECS,8924.0,3
230800,,,MICROCHIP_CIRCLE,XIRECS,8927.0,1
230800,,,MICROCHIP_OVAL,XIRECS,6585.0,1
230800,,,MICROCHIP_RECTANGLE,XIRECS,8195.0,1
230800,,,MICROCHIP_SQUARE,XIRECS,14865.0,1
230800,,,MICROCHIP_TRIANGLE,XIRECS,8962.0,1
234000,,,MICROCHIP_CIRCLE,XIRECS,8829.0,3
234000,,,MICROCHIP_OVAL,XIRECS,6564.0,3
234000,,,MICROCHIP_RECTANGLE,XIRECS,8180.0,3
234000,,,MICROCHIP_SQUARE,XIRECS,15164.0,3
234000,,,MICROCHIP_TRIANGLE,XIRECS,8904.0,3
238900,,,MICROCHIP_CIRCLE,XIRECS,8857.0,3
238900,,,MICROCHIP_OVAL,XIRECS,6655.0,3
238900,,,MICROCHIP_RECTANGLE,XIRECS,8057.0,3
238900,,,MICROCHIP_SQUARE,XIRECS,15038.0,3
238900,,,MICROCHIP_TRIANGLE,XIRECS,8892.0,3
239800,,,MICROCHIP_CIRCLE,XIRECS,8884.0,2
239800,,,MICROCHIP_OVAL,XIRECS,6654.0,2
239800,,,MICROCHIP_RECTANGLE,XIRECS,8077.0,2
239800,,,MICROCHIP_SQUARE,XIRECS,15002.0,2
239800,,,MICROCHIP_TRIANGLE,XIRECS,8905.0,2
249600,,,MICROCHIP_CIRCLE,XIRECS,8863.0,1
249600,,,MICROCHIP_OVAL,XIRECS,6622.0,1
249600,,,MICROCHIP_RECTANGLE,XIRECS,8303.0,1
249600,,,MICROCHIP_SQUARE,XIRECS,14869.0,1
249600,,,MICROCHIP_TRIANGLE,XIRECS,8792.0,1
261900,,,MICROCHIP_CIRCLE,XIRECS,8794.0,3
261900,,,MICROCHIP_OVAL,XIRECS,6416.0,3
261900,,,MICROCHIP_RECTANGLE,XIRECS,8393.0,3
261900,,,MICROCHIP_SQUARE,XIRECS,15088.0,3
261900,,,MICROCHIP_TRIANGLE,XIRECS,8738.0,3
262700,,,MICROCHIP_CIRCLE,XIRECS,8782.0,3
262700,,,MICROCHIP_OVAL,XIRECS,6428.0,3
262700,,,MICROCHIP_RECTANGLE,XIRECS,8414.0,3
262700,,,MICROCHIP_SQUARE,XIRECS,15178.0,3
262700,,,MICROCHIP_TRIANGLE,XIRECS,8743.0,3
268200,,,MICROCHIP_CIRCLE,XIRECS,8753.0,3
268200,,,MICROCHIP_OVAL,XIRECS,6356.0,3
268200,,,MICROCHIP_RECTANGLE,XIRECS,8470.0,3
268200,,,MICROCHIP_SQUARE,XIRECS,15035.0,3
268200,,,MICROCHIP_TRIANGLE,XIRECS,8657.0,3
274500,,,MICROCHIP_CIRCLE,XIRECS,8792.0,1
274500,,,MICROCHIP_OVAL,XIRECS,6494.0,1
274500,,,MICROCHIP_RECTANGLE,XIRECS,8389.0,1
274500,,,MICROCHIP_SQUARE,XIRECS,15129.0,1
274500,,,MICROCHIP_TRIANGLE,XIRECS,8581.0,1
275100,,,MICROCHIP_CIRCLE,XIRECS,8827.0,2
275100,,,MICROCHIP_OVAL,XIRECS,6406.0,2
275100,,,MICROCHIP_RECTANGLE,XIRECS,8419.0,2
275100,,,MICROCHIP_SQUARE,XIRECS,15111.0,2
275100,,,MICROCHIP_TRIANGLE,XIRECS,8513.0,2
286100,,,MICROCHIP_CIRCLE,XIRECS,8885.0,1
286100,,,MICROCHIP_OVAL,XIRECS,6386.0,1
286100,,,MICROCHIP_RECTANGLE,XIRECS,8405.0,1
286100,,,MICROCHIP_SQUARE,XIRECS,15330.0,1
286100,,,MICROCHIP_TRIANGLE,XIRECS,8640.0,1
291400,,,MICROCHIP_CIRCLE,XIRECS,8916.0,3
291400,,,MICROCHIP_OVAL,XIRECS,6352.0,3
291400,,,MICROCHIP_RECTANGLE,XIRECS,8303.0,3
291400,,,MICROCHIP_SQUARE,XIRECS,15344.0,3
291400,,,MICROCHIP_TRIANGLE,XIRECS,8563.0,3
295000,,,MICROCHIP_CIRCLE,XIRECS,8921.0,2
295000,,,MICROCHIP_OVAL,XIRECS,6447.0,2
295000,,,MICROCHIP_RECTANGLE,XIRECS,8367.0,2
295000,,,MICROCHIP_SQUARE,XIRECS,15400.0,2
295000,,,MICROCHIP_TRIANGLE,XIRECS,8587.0,2
309800,,,MICROCHIP_CIRCLE,XIRECS,8893.0,1
309800,,,MICROCHIP_OVAL,XIRECS,6514.0,1
309800,,,MICROCHIP_RECTANGLE,XIRECS,8495.0,1
309800,,,MICROCHIP_SQUARE,XIRECS,15499.0,1
309800,,,MICROCHIP_TRIANGLE,XIRECS,8710.0,1
310800,,,MICROCHIP_CIRCLE,XIRECS,8869.0,3
310800,,,MICROCHIP_OVAL,XIRECS,6531.0,3
310800,,,MICROCHIP_RECTANGLE,XIRECS,8506.0,3
310800,,,MICROCHIP_SQUARE,XIRECS,15462.0,3
310800,,,MICROCHIP_TRIANGLE,XIRECS,8735.0,3
315100,,,MICROCHIP_CIRCLE,XIRECS,8944.0,2
315100,,,MICROCHIP_OVAL,XIRECS,6602.0,2
315100,,,MICROCHIP_RECTANGLE,XIRECS,8440.0,2
315100,,,MICROCHIP_SQUARE,XIRECS,15344.0,2
315100,,,MICROCHIP_TRIANGLE,XIRECS,8869.0,2
334100,,,MICROCHIP_CIRCLE,XIRECS,9048.0,3
334100,,,MICROCHIP_OVAL,XIRECS,6482.0,3
334100,,,MICROCHIP_RECTANGLE,XIRECS,8436.0,3
334100,,,MICROCHIP_SQUARE,XIRECS,15351.0,3
334100,,,MICROCHIP_TRIANGLE,XIRECS,8689.0,3
334900,,,MICROCHIP_CIRCLE,XIRECS,9045.0,1
334900,,,MICROCHIP_OVAL,XIRECS,6407.0,1
334900,,,MICROCHIP_RECTANGLE,XIRECS,8364.0,1
334900,,,MICROCHIP_SQUARE,XIRECS,15316.0,1
334900,,,MICROCHIP_TRIANGLE,XIRECS,8713.0,1
336500,,,MICROCHIP_CIRCLE,XIRECS,9044.0,1
336500,,,MICROCHIP_OVAL,XIRECS,6438.0,1
336500,,,MICROCHIP_RECTANGLE,XIRECS,8373.0,1
336500,,,MICROCHIP_SQUARE,XIRECS,15451.0,1
336500,,,MICROCHIP_TRIANGLE,XIRECS,8787.0,1
337100,,,MICROCHIP_CIRCLE,XIRECS,9039.0,1
337100,,,MICROCHIP_OVAL,XIRECS,6435.0,1
337100,,,MICROCHIP_RECTANGLE,XIRECS,8392.0,1
337100,,,MICROCHIP_SQUARE,XIRECS,15443.0,1
337100,,,MICROCHIP_TRIANGLE,XIRECS,8776.0,1
338800,,,MICROCHIP_CIRCLE,XIRECS,9028.0,2
338800,,,MICROCHIP_OVAL,XIRECS,6387.0,2
338800,,,MICROCHIP_RECTANGLE,XIRECS,8351.0,2
338800,,,MICROCHIP_SQUARE,XIRECS,15429.0,2
338800,,,MICROCHIP_TRIANGLE,XIRECS,8718.0,2
353400,,,MICROCHIP_CIRCLE,XIRECS,9267.0,2
353400,,,MICROCHIP_OVAL,XIRECS,6399.0,2
353400,,,MICROCHIP_RECTANGLE,XIRECS,8507.0,2
353400,,,MICROCHIP_SQUARE,XIRECS,15389.0,2
353400,,,MICROCHIP_TRIANGLE,XIRECS,8791.0,2
354300,,,MICROCHIP_CIRCLE,XIRECS,9284.0,3
354300,,,MICROCHIP_OVAL,XIRECS,6403.0,3
354300,,,MICROCHIP_RECTANGLE,XIRECS,8492.0,3
354300,,,MICROCHIP_SQUARE,XIRECS,15314.0,3
354300,,,MICROCHIP_TRIANGLE,XIRECS,8782.0,3
355700,,,MICROCHIP_CIRCLE,XIRECS,9249.0,3
355700,,,MICROCHIP_OVAL,XIRECS,6455.0,3
355700,,,MICROCHIP_RECTANGLE,XIRECS,8477.0,3
355700,,,MICROCHIP_SQUARE,XIRECS,15417.0,3
355700,,,MICROCHIP_TRIANGLE,XIRECS,8766.0,3
363200,,,MICROCHIP_CIRCLE,XIRECS,9298.0,3
363200,,,MICROCHIP_OVAL,XIRECS,6451.0,3
363200,,,MICROCHIP_RECTANGLE,XIRECS,8607.0,3
363200,,,MICROCHIP_SQUARE,XIRECS,15457.0,3
363200,,,MICROCHIP_TRIANGLE,XIRECS,8719.0,3
363800,,,MICROCHIP_CIRCLE,XIRECS,9288.0,2
363800,,,MICROCHIP_OVAL,XIRECS,6447.0,2
363800,,,MICROCHIP_RECTANGLE,XIRECS,8633.0,2
363800,,,MICROCHIP_SQUARE,XIRECS,15425.0,2
363800,,,MICROCHIP_TRIANGLE,XIRECS,8688.0,2
375100,,,MICROCHIP_CIRCLE,XIRECS,9300.0,1
375100,,,MICROCHIP_OVAL,XIRECS,6314.0,1
375100,,,MICROCHIP_RECTANGLE,XIRECS,8767.0,1
375100,,,MICROCHIP_SQUARE,XIRECS,14874.0,1
375100,,,MICROCHIP_TRIANGLE,XIRECS,8694.0,1
375300,,,MICROCHIP_CIRCLE,XIRECS,9314.0,2
375300,,,MICROCHIP_OVAL,XIRECS,6319.0,2
375300,,,MICROCHIP_RECTANGLE,XIRECS,8785.0,2
375300,,,MICROCHIP_SQUARE,XIRECS,14876.0,2
375300,,,MICROCHIP_TRIANGLE,XIRECS,8702.0,2
376300,,,MICROCHIP_CIRCLE,XIRECS,9321.0,1
376300,,,MICROCHIP_OVAL,XIRECS,6314.0,1
376300,,,MICROCHIP_RECTANGLE,XIRECS,8776.0,1
376300,,,MICROCHIP_SQUARE,XIRECS,14888.0,1
376300,,,MICROCHIP_TRIANGLE,XIRECS,8690.0,1
382400,,,MICROCHIP_CIRCLE,XIRECS,9300.0,2
382400,,,MICROCHIP_OVAL,XIRECS,6240.0,2
382400,,,MICROCHIP_RECTANGLE,XIRECS,8614.0,2
382400,,,MICROCHIP_SQUARE,XIRECS,15096.0,2
382400,,,MICROCHIP_TRIANGLE,XIRECS,8644.0,2
387900,,,MICROCHIP_CIRCLE,XIRECS,9213.0,1
387900,,,MICROCHIP_OVAL,XIRECS,6224.0,1
387900,,,MICROCHIP_RECTANGLE,XIRECS,8556.0,1
387900,,,MICROCHIP_SQUARE,XIRECS,14911.0,1
387900,,,MICROCHIP_TRIANGLE,XIRECS,8675.0,1
390000,,,MICROCHIP_CIRCLE,XIRECS,9218.0,1
390000,,,MICROCHIP_OVAL,XIRECS,6220.0,1
390000,,,MICROCHIP_RECTANGLE,XIRECS,8492.0,1
390000,,,MICROCHIP_SQUARE,XIRECS,14890.0,1
390000,,,MICROCHIP_TRIANGLE,XIRECS,8683.0,1
400600,,,MICROCHIP_CIRCLE,XIRECS,9190.0,3
400600,,,MICROCHIP_OVAL,XIRECS,6196.0,3
400600,,,MICROCHIP_RECTANGLE,XIRECS,8627.0,3
400600,,,MICROCHIP_SQUARE,XIRECS,15027.0,3
400600,,,MICROCHIP_TRIANGLE,XIRECS,8621.0,3
402200,,,MICROCHIP_CIRCLE,XIRECS,9180.0,2
402200,,,MICROCHIP_OVAL,XIRECS,6148.0,2
402200,,,MICROCHIP_RECTANGLE,XIRECS,8637.0,2
402200,,,MICROCHIP_SQUARE,XIRECS,14890.0,2
402200,,,MICROCHIP_TRIANGLE,XIRECS,8649.0,2
407300,,,MICROCHIP_CIRCLE,XIRECS,9194.0,2
407300,,,MICROCHIP_OVAL,XIRECS,6154.0,2
407300,,,MICROCHIP_RECTANGLE,XIRECS,8780.0,2
407300,,,MICROCHIP_SQUARE,XIRECS,14843.0,2
407300,,,MICROCHIP_TRIANGLE,XIRECS,8676.0,2
415800,,,MICROCHIP_CIRCLE,XIRECS,9252.0,3
415800,,,MICROCHIP_OVAL,XIRECS,6302.0,3
415800,,,MICROCHIP_RECTANGLE,XIRECS,8586.0,3
415800,,,MICROCHIP_SQUARE,XIRECS,14666.0,3
415800,,,MICROCHIP_TRIANGLE,XIRECS,8507.0,3
420900,,,MICROCHIP_CIRCLE,XIRECS,9370.0,2
420900,,,MICROCHIP_OVAL,XIRECS,6432.0,2
420900,,,MICROCHIP_RECTANGLE,XIRECS,8622.0,2
420900,,,MICROCHIP_SQUARE,XIRECS,14738.0,2
420900,,,MICROCHIP_TRIANGLE,XIRECS,8432.0,2
432000,,,MICROCHIP_CIRCLE,XIRECS,9198.0,2
432000,,,MICROCHIP_OVAL,XIRECS,6314.0,2
432000,,,MICROCHIP_RECTANGLE,XIRECS,8539.0,2
432000,,,MICROCHIP_SQUARE,XIRECS,14966.0,2
432000,,,MICROCHIP_TRIANGLE,XIRECS,8624.0,2
437600,,,MICROCHIP_CIRCLE,XIRECS,9184.0,1
437600,,,MICROCHIP_OVAL,XIRECS,6250.0,1
437600,,,MICROCHIP_RECTANGLE,XIRECS,8661.0,1
437600,,,MICROCHIP_SQUARE,XIRECS,15191.0,1
437600,,,MICROCHIP_TRIANGLE,XIRECS,8628.0,1
440600,,,MICROCHIP_CIRCLE,XIRECS,9241.0,2
440600,,,MICROCHIP_OVAL,XIRECS,6235.0,2
440600,,,MICROCHIP_RECTANGLE,XIRECS,8633.0,2
440600,,,MICROCHIP_SQUARE,XIRECS,15251.0,2
440600,,,MICROCHIP_TRIANGLE,XIRECS,8574.0,2
452900,,,MICROCHIP_CIRCLE,XIRECS,9571.0,3
452900,,,MICROCHIP_OVAL,XIRECS,6152.0,3
452900,,,MICROCHIP_RECTANGLE,XIRECS,8503.0,3
452900,,,MICROCHIP_SQUARE,XIRECS,15509.0,3
452900,,,MICROCHIP_TRIANGLE,XIRECS,8657.0,3
453800,,,MICROCHIP_CIRCLE,XIRECS,9566.0,3
453800,,,MICROCHIP_OVAL,XIRECS,6113.0,3
453800,,,MICROCHIP_RECTANGLE,XIRECS,8556.0,3
453800,,,MICROCHIP_SQUARE,XIRECS,15467.0,3
453800,,,MICROCHIP_TRIANGLE,XIRECS,8626.0,3
454700,,,MICROCHIP_CIRCLE,XIRECS,9601.0,2
454700,,,MICROCHIP_OVAL,XIRECS,6116.0,2
454700,,,MICROCHIP_RECTANGLE,XIRECS,8604.0,2
454700,,,MICROCHIP_SQUARE,XIRECS,15406.0,2
454700,,,MICROCHIP_TRIANGLE,XIRECS,8566.0,2
460300,,,MICROCHIP_CIRCLE,XIRECS,9563.0,3
460300,,,MICROCHIP_OVAL,XIRECS,6191.0,3
460300,,,MICROCHIP_RECTANGLE,XIRECS,8749.0,3
460300,,,MICROCHIP_SQUARE,XIRECS,15430.0,3
460300,,,MICROCHIP_TRIANGLE,XIRECS,8480.0,3
463200,,,MICROCHIP_CIRCLE,XIRECS,9623.0,3
463200,,,MICROCHIP_OVAL,XIRECS,6119.0,3
463200,,,MICROCHIP_RECTANGLE,XIRECS,8826.0,3
463200,,,MICROCHIP_SQUARE,XIRECS,15494.0,3
463200,,,MICROCHIP_TRIANGLE,XIRECS,8490.0,3
464000,,,MICROCHIP_CIRCLE,XIRECS,9564.0,1
464000,,,MICROCHIP_OVAL,XIRECS,6153.0,1
464000,,,MICROCHIP_RECTANGLE,XIRECS,8851.0,1
464000,,,MICROCHIP_SQUARE,XIRECS,15507.0,1
464000,,,MICROCHIP_TRIANGLE,XIRECS,8544.0,1
465600,,,MICROCHIP_CIRCLE,XIRECS,9575.0,2
465600,,,MICROCHIP_OVAL,XIRECS,6158.0,2
465600,,,MICROCHIP_RECTANGLE,XIRECS,8808.0,2
465600,,,MICROCHIP_SQUARE,XIRECS,15421.0,2
465600,,,MICROCHIP_TRIANGLE,XIRECS,8521.0,2
477000,,,MICROCHIP_CIRCLE,XIRECS,9556.0,3
477000,,,MICROCHIP_OVAL,XIRECS,6065.0,3
477000,,,MICROCHIP_RECTANGLE,XIRECS,8911.0,3
477000,,,MICROCHIP_SQUARE,XIRECS,15818.0,3
477000,,,MICROCHIP_TRIANGLE,XIRECS,8717.0,3
489800,,,MICROCHIP_CIRCLE,XIRECS,9576.0,1
489800,,,MICROCHIP_OVAL,XIRECS,6054.0,1
489800,,,MICROCHIP_RECTANGLE,XIRECS,8678.0,1
489800,,,MICROCHIP_SQUARE,XIRECS,16132.0,1
489800,,,MICROCHIP_TRIANGLE,XIRECS,8490.0,1
506600,,,MICROCHIP_CIRCLE,XIRECS,9568.0,1
506600,,,MICROCHIP_OVAL,XIRECS,6167.0,1
506600,,,MICROCHIP_RECTANGLE,XIRECS,8712.0,1
506600,,,MICROCHIP_SQUARE,XIRECS,16254.0,1
506600,,,MICROCHIP_TRIANGLE,XIRECS,8525.0,1
507100,,,MICROCHIP_CIRCLE,XIRECS,9546.0,2
507100,,,MICROCHIP_OVAL,XIRECS,6184.0,2
507100,,,MICROCHIP_RECTANGLE,XIRECS,8734.0,2
507100,,,MICROCHIP_SQUARE,XIRECS,16199.0,2
507100,,,MICROCHIP_TRIANGLE,XIRECS,8518.0,2
511800,,,MICROCHIP_CIRCLE,XIRECS,9587.0,3
511800,,,MICROCHIP_OVAL,XIRECS,6151.0,3
511800,,,MICROCHIP_RECTANGLE,XIRECS,8552.0,3
511800,,,MICROCHIP_SQUARE,XIRECS,16052.0,3
511800,,,MICROCHIP_TRIANGLE,XIRECS,8549.0,3
512000,,,MICROCHIP_CIRCLE,XIRECS,9590.0,2
512000,,,MICROCHIP_OVAL,XIRECS,6173.0,2
512000,,,MICROCHIP_RECTANGLE,XIRECS,8552.0,2
512000,,,MICROCHIP_SQUARE,XIRECS,16043.0,2
512000,,,MICROCHIP_TRIANGLE,XIRECS,8546.0,2
512700,,,MICROCHIP_CIRCLE,XIRECS,9557.0,2
512700,,,MICROCHIP_OVAL,XIRECS,6174.0,2
512700,,,MICROCHIP_RECTANGLE,XIRECS,8548.0,2
512700,,,MICROCHIP_SQUARE,XIRECS,16059.0,2
512700,,,MICROCHIP_TRIANGLE,XIRECS,8532.0,2
515600,,,MICROCHIP_CIRCLE,XIRECS,9540.0,1
515600,,,MICROCHIP_OVAL,XIRECS,6236.0,1
515600,,,MICROCHIP_RECTANGLE,XIRECS,8531.0,1
515600,,,MICROCHIP_SQUARE,XIRECS,15978.0,1
515600,,,MICROCHIP_TRIANGLE,XIRECS,8544.0,1
516500,,,MICROCHIP_CIRCLE,XIRECS,9571.0,2
516500,,,MICROCHIP_OVAL,XIRECS,6208.0,2
516500,,,MICROCHIP_RECTANGLE,XIRECS,8559.0,2
516500,,,MICROCHIP_SQUARE,XIRECS,15900.0,2
516500,,,MICROCHIP_TRIANGLE,XIRECS,8517.0,2
518000,,,MICROCHIP_CIRCLE,XIRECS,9602.0,3
518000,,,MICROCHIP_OVAL,XIRECS,6164.0,3
518000,,,MICROCHIP_RECTANGLE,XIRECS,8590.0,3
518000,,,MICROCHIP_SQUARE,XIRECS,15976.0,3
518000,,,MICROCHIP_TRIANGLE,XIRECS,8522.0,3
523900,,,MICROCHIP_CIRCLE,XIRECS,9612.0,1
523900,,,MICROCHIP_OVAL,XIRECS,6218.0,1
523900,,,MICROCHIP_RECTANGLE,XIRECS,8482.0,1
523900,,,MICROCHIP_SQUARE,XIRECS,15962.0,1
523900,,,MICROCHIP_TRIANGLE,XIRECS,8577.0,1
525600,,,MICROCHIP_CIRCLE,XIRECS,9591.0,3
525600,,,MICROCHIP_OVAL,XIRECS,6213.0,3
525600,,,MICROCHIP_RECTANGLE,XIRECS,8515.0,3
525600,,,MICROCHIP_SQUARE,XIRECS,15933.0,3
525600,,,MICROCHIP_TRIANGLE,XIRECS,8584.0,3
530200,,,MICROCHIP_CIRCLE,XIRECS,9601.0,3
530200,,,MICROCHIP_OVAL,XIRECS,6266.0,3
530200,,,MICROCHIP_RECTANGLE,XIRECS,8618.0,3
530200,,,MICROCHIP_SQUARE,XIRECS,15960.0,3
530200,,,MICROCHIP_TRIANGLE,XIRECS,8663.0,3
536300,,,MICROCHIP_CIRCLE,XIRECS,9592.0,1
536300,,,MICROCHIP_OVAL,XIRECS,6324.0,1
536300,,,MICROCHIP_RECTANGLE,XIRECS,8665.0,1
536300,,,MICROCHIP_SQUARE,XIRECS,15976.0,1
536300,,,MICROCHIP_TRIANGLE,XIRECS,8481.0,1
552300,,,MICROCHIP_CIRCLE,XIRECS,9745.0,2
552300,,,MICROCHIP_OVAL,XIRECS,6448.0,2
552300,,,MICROCHIP_RECTANGLE,XIRECS,8794.0,2
552300,,,MICROCHIP_SQUARE,XIRECS,15543.0,2
552300,,,MICROCHIP_TRIANGLE,XIRECS,8455.0,2
555000,,,MICROCHIP_CIRCLE,XIRECS,9729.0,1
555000,,,MICROCHIP_OVAL,XIRECS,6385.0,1
555000,,,MICROCHIP_RECTANGLE,XIRECS,8810.0,1
555000,,,MICROCHIP_SQUARE,XIRECS,15568.0,1
555000,,,MICROCHIP_TRIANGLE,XIRECS,8371.0,1
562700,,,MICROCHIP_CIRCLE,XIRECS,9756.0,2
562700,,,MICROCHIP_OVAL,XIRECS,6240.0,2
562700,,,MICROCHIP_RECTANGLE,XIRECS,8938.0,2
562700,,,MICROCHIP_SQUARE,XIRECS,15547.0,2
562700,,,MICROCHIP_TRIANGLE,XIRECS,8373.0,2
564200,,,MICROCHIP_CIRCLE,XIRECS,9724.0,2
564200,,,MICROCHIP_OVAL,XIRECS,6260.0,2
564200,,,MICROCHIP_RECTANGLE,XIRECS,8984.0,2
564200,,,MICROCHIP_SQUARE,XIRECS,15319.0,2
564200,,,MICROCHIP_TRIANGLE,XIRECS,8398.0,2
577600,,,MICROCHIP_CIRCLE,XIRECS,9929.0,1
577600,,,MICROCHIP_OVAL,XIRECS,6084.0,1
577600,,,MICROCHIP_RECTANGLE,XIRECS,8942.0,1
577600,,,MICROCHIP_SQUARE,XIRECS,15132.0,1
577600,,,MICROCHIP_TRIANGLE,XIRECS,8667.0,1
581600,,,MICROCHIP_CIRCLE,XIRECS,9960.0,1
581600,,,MICROCHIP_OVAL,XIRECS,5969.0,1
581600,,,MICROCHIP_RECTANGLE,XIRECS,8955.0,1
581600,,,MICROCHIP_SQUARE,XIRECS,15337.0,1
581600,,,MICROCHIP_TRIANGLE,XIRECS,8596.0,1
584300,,,MICROCHIP_CIRCLE,XIRECS,9842.0,2
584300,,,MICROCHIP_OVAL,XIRECS,6014.0,2
584300,,,MICROCHIP_RECTANGLE,XIRECS,8876.0,2
584300,,,MICROCHIP_SQUARE,XIRECS,15351.0,2
584300,,,MICROCHIP_TRIANGLE,XIRECS,8614.0,2
586900,,,MICROCHIP_CIRCLE,XIRECS,9743.0,2
586900,,,MICROCHIP_OVAL,XIRECS,5978.0,2
586900,,,MICROCHIP_RECTANGLE,XIRECS,8836.0,2
586900,,,MICROCHIP_SQUARE,XIRECS,15298.0,2
586900,,,MICROCHIP_TRIANGLE,XIRECS,8574.0,2
589600,,,MICROCHIP_CIRCLE,XIRECS,9701.0,2
589600,,,MICROCHIP_OVAL,XIRECS,5983.0,2
589600,,,MICROCHIP_RECTANGLE,XIRECS,8850.0,2
589600,,,MICROCHIP_SQUARE,XIRECS,15118.0,2
589600,,,MICROCHIP_TRIANGLE,XIRECS,8538.0,2
592000,,,MICROCHIP_CIRCLE,XIRECS,9746.0,1
592000,,,MICROCHIP_OVAL,XIRECS,6003.0,1
592000,,,MICROCHIP_RECTANGLE,XIRECS,8905.0,1
592000,,,MICROCHIP_SQUARE,XIRECS,15067.0,1
592000,,,MICROCHIP_TRIANGLE,XIRECS,8523.0,1
595600,,,MICROCHIP_CIRCLE,XIRECS,9667.0,3
595600,,,MICROCHIP_OVAL,XIRECS,6031.0,3
595600,,,MICROCHIP_RECTANGLE,XIRECS,8904.0,3
595600,,,MICROCHIP_SQUARE,XIRECS,14962.0,3
595600,,,MICROCHIP_TRIANGLE,XIRECS,8500.0,3
599500,,,MICROCHIP_CIRCLE,XIRECS,9677.0,3
599500,,,MICROCHIP_OVAL,XIRECS,6075.0,3
599500,,,MICROCHIP_RECTANGLE,XIRECS,8883.0,3
599500,,,MICROCHIP_SQUARE,XIRECS,14918.0,3
599500,,,MICROCHIP_TRIANGLE,XIRECS,8588.0,3
603600,,,MICROCHIP_CIRCLE,XIRECS,9785.0,3
603600,,,MICROCHIP_OVAL,XIRECS,6050.0,3
603600,,,MICROCHIP_RECTANGLE,XIRECS,8833.0,3
603600,,,MICROCHIP_SQUARE,XIRECS,14811.0,3
603600,,,MICROCHIP_TRIANGLE,XIRECS,8595.0,3
618700,,,MICROCHIP_CIRCLE,XIRECS,9655.0,2
618700,,,MICROCHIP_OVAL,XIRECS,5841.0,2
618700,,,MICROCHIP_RECTANGLE,XIRECS,8728.0,2
618700,,,MICROCHIP_SQUARE,XIRECS,14439.0,2
618700,,,MICROCHIP_TRIANGLE,XIRECS,8359.0,2
618900,,,MICROCHIP_CIRCLE,XIRECS,9651.0,3
618900,,,MICROCHIP_OVAL,XIRECS,5847.0,3
618900,,,MICROCHIP_RECTANGLE,XIRECS,8733.0,3
618900,,,MICROCHIP_SQUARE,XIRECS,14479.0,3
618900,,,MICROCHIP_TRIANGLE,XIRECS,8352.0,3
640800,,,MICROCHIP_CIRCLE,XIRECS,9850.0,3
640800,,,MICROCHIP_OVAL,XIRECS,5841.0,3
640800,,,MICROCHIP_RECTANGLE,XIRECS,8545.0,3
640800,,,MICROCHIP_SQUARE,XIRECS,14614.0,3
640800,,,MICROCHIP_TRIANGLE,XIRECS,8611.0,3
644900,,,MICROCHIP_CIRCLE,XIRECS,9987.0,2
644900,,,MICROCHIP_OVAL,XIRECS,5800.0,2
644900,,,MICROCHIP_RECTANGLE,XIRECS,8457.0,2
644900,,,MICROCHIP_SQUARE,XIRECS,14688.0,2
644900,,,MICROCHIP_TRIANGLE,XIRECS,8520.0,2
646100,,,MICROCHIP_CIRCLE,XIRECS,10016.0,2
646100,,,MICROCHIP_OVAL,XIRECS,5854.0,2
646100,,,MICROCHIP_RECTANGLE,XIRECS,8417.0,2
646100,,,MICROCHIP_SQUARE,XIRECS,14632.0,2
646100,,,MICROCHIP_TRIANGLE,XIRECS,8549.0,2
648300,,,MICROCHIP_CIRCLE,XIRECS,9983.0,1
648300,,,MICROCHIP_OVAL,XIRECS,5836.0,1
648300,,,MICROCHIP_RECTANGLE,XIRECS,8457.0,1
648300,,,MICROCHIP_SQUARE,XIRECS,14793.0,1
648300,,,MICROCHIP_TRIANGLE,XIRECS,8479.0,1
673100,,,MICROCHIP_CIRCLE,XIRECS,10101.0,1
673100,,,MICROCHIP_OVAL,XIRECS,5888.0,1
673100,,,MICROCHIP_RECTANGLE,XIRECS,8120.0,1
673100,,,MICROCHIP_SQUARE,XIRECS,14644.0,1
673100,,,MICROCHIP_TRIANGLE,XIRECS,8407.0,1
678500,,,MICROCHIP_CIRCLE,XIRECS,10167.0,3
678500,,,MICROCHIP_OVAL,XIRECS,5902.0,3
678500,,,MICROCHIP_RECTANGLE,XIRECS,8161.0,3
678500,,,MICROCHIP_SQUARE,XIRECS,14476.0,3
678500,,,MICROCHIP_TRIANGLE,XIRECS,8332.0,3
686000,,,MICROCHIP_CIRCLE,XIRECS,10119.0,1
686000,,,MICROCHIP_OVAL,XIRECS,5842.0,1
686000,,,MICROCHIP_RECTANGLE,XIRECS,7936.0,1
686000,,,MICROCHIP_SQUARE,XIRECS,14640.0,1
686000,,,MICROCHIP_TRIANGLE,XIRECS,8334.0,1
690000,,,MICROCHIP_CIRCLE,XIRECS,10154.0,2
690000,,,MICROCHIP_OVAL,XIRECS,5796.0,2
690000,,,MICROCHIP_RECTANGLE,XIRECS,7921.0,2
690000,,,MICROCHIP_SQUARE,XIRECS,14566.0,2
690000,,,MICROCHIP_TRIANGLE,XIRECS,8336.0,2
693900,,,MICROCHIP_CIRCLE,XIRECS,10175.0,3
693900,,,MICROCHIP_OVAL,XIRECS,5781.0,3
693900,,,MICROCHIP_RECTANGLE,XIRECS,7974.0,3
693900,,,MICROCHIP_SQUARE,XIRECS,14238.0,3
693900,,,MICROCHIP_TRIANGLE,XIRECS,8276.0,3
694500,,,MICROCHIP_CIRCLE,XIRECS,10134.0,2
694500,,,MICROCHIP_OVAL,XIRECS,5776.0,2
694500,,,MICROCHIP_RECTANGLE,XIRECS,7986.0,2
694500,,,MICROCHIP_SQUARE,XIRECS,14255.0,2
694500,,,MICROCHIP_TRIANGLE,XIRECS,8299.0,2
699300,,,MICROCHIP_CIRCLE,XIRECS,10177.0,2
699300,,,MICROCHIP_OVAL,XIRECS,5714.0,2
699300,,,MICROCHIP_RECTANGLE,XIRECS,8081.0,2
699300,,,MICROCHIP_SQUARE,XIRECS,14422.0,2
699300,,,MICROCHIP_TRIANGLE,XIRECS,8391.0,2
702000,,,MICROCHIP_CIRCLE,XIRECS,10209.0,1
702000,,,MICROCHIP_OVAL,XIRECS,5719.0,1
702000,,,MICROCHIP_RECTANGLE,XIRECS,7980.0,1
702000,,,MICROCHIP_SQUARE,XIRECS,14303.0,1
702000,,,MICROCHIP_TRIANGLE,XIRECS,8285.0,1
711400,,,MICROCHIP_CIRCLE,XIRECS,10305.0,1
711400,,,MICROCHIP_OVAL,XIRECS,5710.0,1
711400,,,MICROCHIP_RECTANGLE,XIRECS,7996.0,1
711400,,,MICROCHIP_SQUARE,XIRECS,14371.0,1
711400,,,MICROCHIP_TRIANGLE,XIRECS,8368.0,1
712700,,,MICROCHIP_CIRCLE,XIRECS,10330.0,3
712700,,,MICROCHIP_OVAL,XIRECS,5735.0,3
712700,,,MICROCHIP_RECTANGLE,XIRECS,7999.0,3
712700,,,MICROCHIP_SQUARE,XIRECS,14264.0,3
712700,,,MICROCHIP_TRIANGLE,XIRECS,8396.0,3
713700,,,MICROCHIP_CIRCLE,XIRECS,10330.0,3
713700,,,MICROCHIP_OVAL,XIRECS,5731.0,3
713700,,,MICROCHIP_RECTANGLE,XIRECS,7999.0,3
713700,,,MICROCHIP_SQUARE,XIRECS,14213.0,3
713700,,,MICROCHIP_TRIANGLE,XIRECS,8415.0,3
715200,,,MICROCHIP_CIRCLE,XIRECS,10287.0,1
715200,,,MICROCHIP_OVAL,XIRECS,5693.0,1
715200,,,MICROCHIP_RECTANGLE,XIRECS,8028.0,1
715200,,,MICROCHIP_SQUARE,XIRECS,14304.0,1
715200,,,MICROCHIP_TRIANGLE,XIRECS,8306.0,1
717700,,,MICROCHIP_CIRCLE,XIRECS,10290.0,1
717700,,,MICROCHIP_OVAL,XIRECS,5671.0,1
717700,,,MICROCHIP_RECTANGLE,XIRECS,8076.0,1
717700,,,MICROCHIP_SQUARE,XIRECS,14078.0,1
717700,,,MICROCHIP_TRIANGLE,XIRECS,8310.0,1
725200,,,MICROCHIP_CIRCLE,XIRECS,10327.0,3
725200,,,MICROCHIP_OVAL,XIRECS,5662.0,3
725200,,,MICROCHIP_RECTANGLE,XIRECS,8151.0,3
725200,,,MICROCHIP_SQUARE,XIRECS,14420.0,3
725200,,,MICROCHIP_TRIANGLE,XIRECS,8322.0,3
725800,,,MICROCHIP_CIRCLE,XIRECS,10314.0,1
725800,,,MICROCHIP_OVAL,XIRECS,5701.0,1
725800,,,MICROCHIP_RECTANGLE,XIRECS,8183.0,1
725800,,,MICROCHIP_SQUARE,XIRECS,14400.0,1
725800,,,MICROCHIP_TRIANGLE,XIRECS,8285.0,1
729000,,,MICROCHIP_CIRCLE,XIRECS,10300.0,2
729000,,,MICROCHIP_OVAL,XIRECS,5649.0,2
729000,,,MICROCHIP_RECTANGLE,XIRECS,8247.0,2
729000,,,MICROCHIP_SQUARE,XIRECS,14347.0,2
729000,,,MICROCHIP_TRIANGLE,XIRECS,8407.0,2
733700,,,MICROCHIP_CIRCLE,XIRECS,10201.0,2
733700,,,MICROCHIP_OVAL,XIRECS,5595.0,2
733700,,,MICROCHIP_RECTANGLE,XIRECS,8166.0,2
733700,,,MICROCHIP_SQUARE,XIRECS,14196.0,2
733700,,,MICROCHIP_TRIANGLE,XIRECS,8388.0,2
737800,,,MICROCHIP_CIRCLE,XIRECS,10254.0,1
737800,,,MICROCHIP_OVAL,XIRECS,5591.0,1
737800,,,MICROCHIP_RECTANGLE,XIRECS,8136.0,1
737800,,,MICROCHIP_SQUARE,XIRECS,14160.0,1
737800,,,MICROCHIP_TRIANGLE,XIRECS,8476.0,1
747800,,,MICROCHIP_CIRCLE,XIRECS,10439.0,1
747800,,,MICROCHIP_OVAL,XIRECS,5629.0,1
747800,,,MICROCHIP_RECTANGLE,XIRECS,8170.0,1
747800,,,MICROCHIP_SQUARE,XIRECS,14249.0,1
747800,,,MICROCHIP_TRIANGLE,XIRECS,8323.0,1
752100,,,MICROCHIP_CIRCLE,XIRECS,10554.0,3
752100,,,MICROCHIP_OVAL,XIRECS,5753.0,3
752100,,,MICROCHIP_RECTANGLE,XIRECS,7971.0,3
752100,,,MICROCHIP_SQUARE,XIRECS,14294.0,3
752100,,,MICROCHIP_TRIANGLE,XIRECS,8432.0,3
753800,,,MICROCHIP_CIRCLE,XIRECS,10560.0,1
753800,,,MICROCHIP_OVAL,XIRECS,5747.0,1
753800,,,MICROCHIP_RECTANGLE,XIRECS,8029.0,1
753800,,,MICROCHIP_SQUARE,XIRECS,14324.0,1
753800,,,MICROCHIP_TRIANGLE,XIRECS,8395.0,1
762900,,,MICROCHIP_CIRCLE,XIRECS,10401.0,3
762900,,,MICROCHIP_OVAL,XIRECS,5714.0,3
762900,,,MICROCHIP_RECTANGLE,XIRECS,7999.0,3
762900,,,MICROCHIP_SQUARE,XIRECS,14451.0,3
762900,,,MICROCHIP_TRIANGLE,XIRECS,8292.0,3
770100,,,MICROCHIP_CIRCLE,XIRECS,10392.0,2
770100,,,MICROCHIP_OVAL,XIRECS,5705.0,2
770100,,,MICROCHIP_RECTANGLE,XIRECS,7992.0,2
770100,,,MICROCHIP_SQUARE,XIRECS,14585.0,2
770100,,,MICROCHIP_TRIANGLE,XIRECS,8330.0,2
774700,,,MICROCHIP_CIRCLE,XIRECS,10275.0,1
774700,,,MICROCHIP_OVAL,XIRECS,5762.0,1
774700,,,MICROCHIP_RECTANGLE,XIRECS,7984.0,1
774700,,,MICROCHIP_SQUARE,XIRECS,14629.0,1
774700,,,MICROCHIP_TRIANGLE,XIRECS,8163.0,1
779800,,,MICROCHIP_CIRCLE,XIRECS,10226.0,1
779800,,,MICROCHIP_OVAL,XIRECS,5706.0,1
779800,,,MICROCHIP_RECTANGLE,XIRECS,8067.0,1
779800,,,MICROCHIP_SQUARE,XIRECS,14857.0,1
779800,,,MICROCHIP_TRIANGLE,XIRECS,8107.0,1
787000,,,MICROCHIP_CIRCLE,XIRECS,10311.0,3
787000,,,MICROCHIP_OVAL,XIRECS,5616.0,3
787000,,,MICROCHIP_RECTANGLE,XIRECS,7872.0,3
787000,,,MICROCHIP_SQUARE,XIRECS,14718.0,3
787000,,,MICROCHIP_TRIANGLE,XIRECS,8039.0,3
790400,,,MICROCHIP_CIRCLE,XIRECS,10309.0,1
790400,,,MICROCHIP_OVAL,XIRECS,5682.0,1
790400,,,MICROCHIP_RECTANGLE,XIRECS,7973.0,1
790400,,,MICROCHIP_SQUARE,XIRECS,14596.0,1
790400,,,MICROCHIP_TRIANGLE,XIRECS,8094.0,1
792900,,,MICROCHIP_CIRCLE,XIRECS,10322.0,2
792900,,,MICROCHIP_OVAL,XIRECS,5639.0,2
792900,,,MICROCHIP_RECTANGLE,XIRECS,7904.0,2
792900,,,MICROCHIP_SQUARE,XIRECS,14652.0,2
792900,,,MICROCHIP_TRIANGLE,XIRECS,8075.0,2
801100,,,MICROCHIP_CIRCLE,XIRECS,10535.0,2
801100,,,MICROCHIP_OVAL,XIRECS,5648.0,2
801100,,,MICROCHIP_RECTANGLE,XIRECS,7953.0,2
801100,,,MICROCHIP_SQUARE,XIRECS,14863.0,2
801100,,,MICROCHIP_TRIANGLE,XIRECS,8062.0,2
802700,,,MICROCHIP_CIRCLE,XIRECS,10563.0,3
802700,,,MICROCHIP_OVAL,XIRECS,5617.0,3
802700,,,MICROCHIP_RECTANGLE,XIRECS,8033.0,3
802700,,,MICROCHIP_SQUARE,XIRECS,14775.0,3
802700,,,MICROCHIP_TRIANGLE,XIRECS,8095.0,3
807300,,,MICROCHIP_CIRCLE,XIRECS,10636.0,1
807300,,,MICROCHIP_OVAL,XIRECS,5606.0,1
807300,,,MICROCHIP_RECTANGLE,XIRECS,7977.0,1
807300,,,MICROCHIP_SQUARE,XIRECS,14740.0,1
807300,,,MICROCHIP_TRIANGLE,XIRECS,8189.0,1
809200,,,MICROCHIP_CIRCLE,XIRECS,10580.0,3
809200,,,MICROCHIP_OVAL,XIRECS,5611.0,3
809200,,,MICROCHIP_RECTANGLE,XIRECS,8013.0,3
809200,,,MICROCHIP_SQUARE,XIRECS,14793.0,3
809200,,,MICROCHIP_TRIANGLE,XIRECS,8293.0,3
809400,,,MICROCHIP_CIRCLE,XIRECS,10573.0,2
809400,,,MICROCHIP_OVAL,XIRECS,5616.0,2
809400,,,MICROCHIP_RECTANGLE,XIRECS,8018.0,2
809400,,,MICROCHIP_SQUARE,XIRECS,14849.0,2
809400,,,MICROCHIP_TRIANGLE,XIRECS,8320.0,2
812000,,,MICROCHIP_CIRCLE,XIRECS,10563.0,3
812000,,,MICROCHIP_OVAL,XIRECS,5585.0,3
812000,,,MICROCHIP_RECTANGLE,XIRECS,7972.0,3
812000,,,MICROCHIP_SQUARE,XIRECS,14702.0,3
812000,,,MICROCHIP_TRIANGLE,XIRECS,8313.0,3
813000,,,MICROCHIP_CIRCLE,XIRECS,10578.0,1
813000,,,MICROCHIP_OVAL,XIRECS,5565.0,1
813000,,,MICROCHIP_RECTANGLE,XIRECS,7926.0,1
813000,,,MICROCHIP_SQUARE,XIRECS,14846.0,1
813000,,,MICROCHIP_TRIANGLE,XIRECS,8297.0,1
818700,,,MICROCHIP_CIRCLE,XIRECS,10549.0,3
818700,,,MICROCHIP_OVAL,XIRECS,5516.0,3
818700,,,MICROCHIP_RECTANGLE,XIRECS,7890.0,3
818700,,,MICROCHIP_SQUARE,XIRECS,14841.0,3
818700,,,MICROCHIP_TRIANGLE,XIRECS,8424.0,3
818900,,,MICROCHIP_CIRCLE,XIRECS,10549.0,2
818900,,,MICROCHIP_OVAL,XIRECS,5493.0,2
818900,,,MICROCHIP_RECTANGLE,XIRECS,7880.0,2
818900,,,MICROCHIP_SQUARE,XIRECS,14846.0,2
818900,,,MICROCHIP_TRIANGLE,XIRECS,8394.0,2
819500,,,MICROCHIP_CIRCLE,XIRECS,10534.0,1
819500,,,MICROCHIP_OVAL,XIRECS,5487.0,1
819500,,,MICROCHIP_RECTANGLE,XIRECS,7878.0,1
819500,,,MICROCHIP_SQUARE,XIRECS,14840.0,1
819500,,,MICROCHIP_TRIANGLE,XIRECS,8354.0,1
824200,,,MICROCHIP_CIRCLE,XIRECS,10526.0,2
824200,,,MICROCHIP_OVAL,XIRECS,5595.0,2
824200,,,MICROCHIP_RECTANGLE,XIRECS,8040.0,2
824200,,,MICROCHIP_SQUARE,XIRECS,14863.0,2
824200,,,MICROCHIP_TRIANGLE,XIRECS,8275.0,2
825900,,,MICROCHIP_CIRCLE,XIRECS,10535.0,3
825900,,,MICROCHIP_OVAL,XIRECS,5602.0,3
825900,,,MICROCHIP_RECTANGLE,XIRECS,8104.0,3
825900,,,MICROCHIP_SQUARE,XIRECS,14796.0,3
825900,,,MICROCHIP_TRIANGLE,XIRECS,8175.0,3
832100,,,MICROCHIP_CIRCLE,XIRECS,10728.0,2
832100,,,MICROCHIP_OVAL,XIRECS,5611.0,2
832100,,,MICROCHIP_RECTANGLE,XIRECS,8172.0,2
832100,,,MICROCHIP_SQUARE,XIRECS,14961.0,2
832100,,,MICROCHIP_TRIANGLE,XIRECS,8155.0,2
837500,,,MICROCHIP_CIRCLE,XIRECS,10591.0,1
837500,,,MICROCHIP_OVAL,XIRECS,5620.0,1
837500,,,MICROCHIP_RECTANGLE,XIRECS,8156.0,1
837500,,,MICROCHIP_SQUARE,XIRECS,15193.0,1
837500,,,MICROCHIP_TRIANGLE,XIRECS,8129.0,1
848700,,,MICROCHIP_CIRCLE,XIRECS,10455.0,3
848700,,,MICROCHIP_OVAL,XIRECS,5704.0,3
848700,,,MICROCHIP_RECTANGLE,XIRECS,8140.0,3
848700,,,MICROCHIP_SQUARE,XIRECS,14484.0,3
848700,,,MICROCHIP_TRIANGLE,XIRECS,8187.0,3
852100,,,MICROCHIP_CIRCLE,XIRECS,10487.0,1
852100,,,MICROCHIP_OVAL,XIRECS,5789.0,1
852100,,,MICROCHIP_RECTANGLE,XIRECS,8173.0,1
852100,,,MICROCHIP_SQUARE,XIRECS,14329.0,1
852100,,,MICROCHIP_TRIANGLE,XIRECS,8163.0,1
853400,,,MICROCHIP_CIRCLE,XIRECS,10492.0,1
853400,,,MICROCHIP_OVAL,XIRECS,5771.0,1
853400,,,MICROCHIP_RECTANGLE,XIRECS,8261.0,1
853400,,,MICROCHIP_SQUARE,XIRECS,14385.0,1
853400,,,MICROCHIP_TRIANGLE,XIRECS,8152.0,1
854800,,,MICROCHIP_CIRCLE,XIRECS,10520.0,2
854800,,,MICROCHIP_OVAL,XIRECS,5753.0,2
854800,,,MICROCHIP_RECTANGLE,XIRECS,8242.0,2
854800,,,MICROCHIP_SQUARE,XIRECS,14402.0,2
854800,,,MICROCHIP_TRIANGLE,XIRECS,8181.0,2
856800,,,MICROCHIP_CIRCLE,XIRECS,10440.0,1
856800,,,MICROCHIP_OVAL,XIRECS,5789.0,1
856800,,,MICROCHIP_RECTANGLE,XIRECS,8248.0,1
856800,,,MICROCHIP_SQUARE,XIRECS,14333.0,1
856800,,,MICROCHIP_TRIANGLE,XIRECS,8176.0,1
857200,,,MICROCHIP_CIRCLE,XIRECS,10463.0,1
857200,,,MICROCHIP_OVAL,XIRECS,5812.0,1
857200,,,MICROCHIP_RECTANGLE,XIRECS,8241.0,1
857200,,,MICROCHIP_SQUARE,XIRECS,14364.0,1
857200,,,MICROCHIP_TRIANGLE,XIRECS,8157.0,1
861700,,,MICROCHIP_CIRCLE,XIRECS,10434.0,1
861700,,,MICROCHIP_OVAL,XIRECS,5822.0,1
861700,,,MICROCHIP_RECTANGLE,XIRECS,8248.0,1
861700,,,MICROCHIP_SQUARE,XIRECS,14256.0,1
861700,,,MICROCHIP_TRIANGLE,XIRECS,8237.0,1
862300,,,MICROCHIP_CIRCLE,XIRECS,10426.0,1
862300,,,MICROCHIP_OVAL,XIRECS,5839.0,1
862300,,,MICROCHIP_RECTANGLE,XIRECS,8235.0,1
862300,,,MICROCHIP_SQUARE,XIRECS,14239.0,1
862300,,,MICROCHIP_TRIANGLE,XIRECS,8294.0,1
863900,,,MICROCHIP_CIRCLE,XIRECS,10325.0,1
863900,,,MICROCHIP_OVAL,XIRECS,5835.0,1
863900,,,MICROCHIP_RECTANGLE,XIRECS,8167.0,1
863900,,,MICROCHIP_SQUARE,XIRECS,14280.0,1
863900,,,MICROCHIP_TRIANGLE,XIRECS,8338.0,1
874700,,,MICROCHIP_CIRCLE,XIRECS,10359.0,3
874700,,,MICROCHIP_OVAL,XIRECS,5683.0,3
874700,,,MICROCHIP_RECTANGLE,XIRECS,8094.0,3
874700,,,MICROCHIP_SQUARE,XIRECS,14217.0,3
874700,,,MICROCHIP_TRIANGLE,XIRECS,8435.0,3
881300,,,MICROCHIP_CIRCLE,XIRECS,10404.0,1
881300,,,MICROCHIP_OVAL,XIRECS,5744.0,1
881300,,,MICROCHIP_RECTANGLE,XIRECS,8172.0,1
881300,,,MICROCHIP_SQUARE,XIRECS,14284.0,1
881300,,,MICROCHIP_TRIANGLE,XIRECS,8508.0,1
881500,,,MICROCHIP_CIRCLE,XIRECS,10433.0,1
881500,,,MICROCHIP_OVAL,XIRECS,5743.0,1
881500,,,MICROCHIP_RECTANGLE,XIRECS,8180.0,1
881500,,,MICROCHIP_SQUARE,XIRECS,14247.0,1
881500,,,MICROCHIP_TRIANGLE,XIRECS,8519.0,1
882300,,,MICROCHIP_CIRCLE,XIRECS,10471.0,2
882300,,,MICROCHIP_OVAL,XIRECS,5752.0,2
882300,,,MICROCHIP_RECTANGLE,XIRECS,8216.0,2
882300,,,MICROCHIP_SQUARE,XIRECS,14287.0,2
882300,,,MICROCHIP_TRIANGLE,XIRECS,8491.0,2
890600,,,MICROCHIP_CIRCLE,XIRECS,10549.0,2
890600,,,MICROCHIP_OVAL,XIRECS,5733.0,2
890600,,,MICROCHIP_RECTANGLE,XIRECS,8445.0,2
890600,,,MICROCHIP_SQUARE,XIRECS,14206.0,2
890600,,,MICROCHIP_TRIANGLE,XIRECS,8241.0,2
892300,,,MICROCHIP_CIRCLE,XIRECS,10549.0,2
892300,,,MICROCHIP_OVAL,XIRECS,5733.0,2
892300,,,MICROCHIP_RECTANGLE,XIRECS,8381.0,2
892300,,,MICROCHIP_SQUARE,XIRECS,14312.0,2
892300,,,MICROCHIP_TRIANGLE,XIRECS,8287.0,2
894800,,,MICROCHIP_CIRCLE,XIRECS,10554.0,1
894800,,,MICROCHIP_OVAL,XIRECS,5783.0,1
894800,,,MICROCHIP_RECTANGLE,XIRECS,8422.0,1
894800,,,MICROCHIP_SQUARE,XIRECS,14449.0,1
894800,,,MICROCHIP_TRIANGLE,XIRECS,8232.0,1
896100,,,MICROCHIP_CIRCLE,XIRECS,10501.0,3
896100,,,MICROCHIP_OVAL,XIRECS,5740.0,3
896100,,,MICROCHIP_RECTANGLE,XIRECS,8325.0,3
896100,,,MICROCHIP_SQUARE,XIRECS,14343.0,3
896100,,,MICROCHIP_TRIANGLE,XIRECS,8194.0,3
900100,,,MICROCHIP_CIRCLE,XIRECS,10597.0,1
900100,,,MICROCHIP_OVAL,XIRECS,5773.0,1
900100,,,MICROCHIP_RECTANGLE,XIRECS,8385.0,1
900100,,,MICROCHIP_SQUARE,XIRECS,14299.0,1
900100,,,MICROCHIP_TRIANGLE,XIRECS,8195.0,1
907300,,,MICROCHIP_CIRCLE,XIRECS,10611.0,3
907300,,,MICROCHIP_OVAL,XIRECS,5796.0,3
907300,,,MICROCHIP_RECTANGLE,XIRECS,8371.0,3
907300,,,MICROCHIP_SQUARE,XIRECS,14342.0,3
907300,,,MICROCHIP_TRIANGLE,XIRECS,8134.0,3
923400,,,MICROCHIP_CIRCLE,XIRECS,10468.0,2
923400,,,MICROCHIP_OVAL,XIRECS,5620.0,2
923400,,,MICROCHIP_RECTANGLE,XIRECS,8397.0,2
923400,,,MICROCHIP_SQUARE,XIRECS,14273.0,2
923400,,,MICROCHIP_TRIANGLE,XIRECS,8272.0,2
925000,,,MICROCHIP_CIRCLE,XIRECS,10455.0,2
925000,,,MICROCHIP_OVAL,XIRECS,5637.0,2
925000,,,MICROCHIP_RECTANGLE,XIRECS,8389.0,2
925000,,,MICROCHIP_SQUARE,XIRECS,14301.0,2
925000,,,MICROCHIP_TRIANGLE,XIRECS,8201.0,2
927100,,,MICROCHIP_CIRCLE,XIRECS,10410.0,1
927100,,,MICROCHIP_OVAL,XIRECS,5604.0,1
927100,,,MICROCHIP_RECTANGLE,XIRECS,8429.0,1
927100,,,MICROCHIP_SQUARE,XIRECS,14329.0,1
927100,,,MICROCHIP_TRIANGLE,XIRECS,8221.0,1
928300,,,MICROCHIP_CIRCLE,XIRECS,10389.0,2
928300,,,MICROCHIP_OVAL,XIRECS,5597.0,2
928300,,,MICROCHIP_RECTANGLE,XIRECS,8453.0,2
928300,,,MICROCHIP_SQUARE,XIRECS,14305.0,2
928300,,,MICROCHIP_TRIANGLE,XIRECS,8217.0,2
941100,,,MICROCHIP_CIRCLE,XIRECS,10357.0,1
941100,,,MICROCHIP_OVAL,XIRECS,5396.0,1
941100,,,MICROCHIP_RECTANGLE,XIRECS,8303.0,1
941100,,,MICROCHIP_SQUARE,XIRECS,13930.0,1
941100,,,MICROCHIP_TRIANGLE,XIRECS,8043.0,1
942200,,,MICROCHIP_CIRCLE,XIRECS,10380.0,3
942200,,,MICROCHIP_OVAL,XIRECS,5420.0,3
942200,,,MICROCHIP_RECTANGLE,XIRECS,8259.0,3
942200,,,MICROCHIP_SQUARE,XIRECS,13946.0,3
942200,,,MICROCHIP_TRIANGLE,XIRECS,8039.0,3
944900,,,MICROCHIP_CIRCLE,XIRECS,10327.0,2
944900,,,MICROCHIP_OVAL,XIRECS,5468.0,2
944900,,,MICROCHIP_RECTANGLE,XIRECS,8271.0,2
944900,,,MICROCHIP_SQUARE,XIRECS,13924.0,2
944900,,,MICROCHIP_TRIANGLE,XIRECS,7977.0,2
945000,,,MICROCHIP_CIRCLE,XIRECS,10326.0,2
945000,,,MICROCHIP_OVAL,XIRECS,5464.0,2
945000,,,MICROCHIP_RECTANGLE,XIRECS,8280.0,2
945000,,,MICROCHIP_SQUARE,XIRECS,13923.0,2
945000,,,MICROCHIP_TRIANGLE,XIRECS,7991.0,2
947900,,,MICROCHIP_CIRCLE,XIRECS,10392.0,2
947900,,,MICROCHIP_OVAL,XIRECS,5502.0,2
947900,,,MICROCHIP_RECTANGLE,XIRECS,8272.0,2
947900,,,MICROCHIP_SQUARE,XIRECS,14105.0,2
947900,,,MICROCHIP_TRIANGLE,XIRECS,7977.0,2
949400,,,MICROCHIP_CIRCLE,XIRECS,10447.0,1
949400,,,MICROCHIP_OVAL,XIRECS,5550.0,1
949400,,,MICROCHIP_RECTANGLE,XIRECS,8273.0,1
949400,,,MICROCHIP_SQUARE,XIRECS,14097.0,1
949400,,,MICROCHIP_TRIANGLE,XIRECS,7989.0,1
956300,,,MICROCHIP_CIRCLE,XIRECS,10383.0,3
956300,,,MICROCHIP_OVAL,XIRECS,5514.0,3
956300,,,MICROCHIP_RECTANGLE,XIRECS,8194.0,3
956300,,,MICROCHIP_SQUARE,XIRECS,13949.0,3
956300,,,MICROCHIP_TRIANGLE,XIRECS,7875.0,3
964300,,,MICROCHIP_CIRCLE,XIRECS,10411.0,1
964300,,,MICROCHIP_OVAL,XIRECS,5482.0,1
964300,,,MICROCHIP_RECTANGLE,XIRECS,8386.0,1
964300,,,MICROCHIP_SQUARE,XIRECS,14223.0,1
964300,,,MICROCHIP_TRIANGLE,XIRECS,7969.0,1
973900,,,MICROCHIP_CIRCLE,XIRECS,10527.0,2
973900,,,MICROCHIP_OVAL,XIRECS,5603.0,2
973900,,,MICROCHIP_RECTANGLE,XIRECS,8508.0,2
973900,,,MICROCHIP_SQUARE,XIRECS,13901.0,2
973900,,,MICROCHIP_TRIANGLE,XIRECS,8071.0,2
974400,,,MICROCHIP_CIRCLE,XIRECS,10519.0,3
974400,,,MICROCHIP_OVAL,XIRECS,5617.0,3
974400,,,MICROCHIP_RECTANGLE,XIRECS,8500.0,3
974400,,,MICROCHIP_SQUARE,XIRECS,13942.0,3
974400,,,MICROCHIP_TRIANGLE,XIRECS,8054.0,3
974700,,,MICROCHIP_CIRCLE,XIRECS,10540.0,2
974700,,,MICROCHIP_OVAL,XIRECS,5630.0,2
974700,,,MICROCHIP_RECTANGLE,XIRECS,8525.0,2
974700,,,MICROCHIP_SQUARE,XIRECS,13954.0,2
974700,,,MICROCHIP_TRIANGLE,XIRECS,8062.0,2
977700,,,MICROCHIP_CIRCLE,XIRECS,10508.0,3
977700,,,MICROCHIP_OVAL,XIRECS,5615.0,3
977700,,,MICROCHIP_RECTANGLE,XIRECS,8532.0,3
977700,,,MICROCHIP_SQUARE,XIRECS,13929.0,3
977700,,,MICROCHIP_TRIANGLE,XIRECS,7997.0,3
979100,,,MICROCHIP_CIRCLE,XIRECS,10515.0,2
979100,,,MICROCHIP_OVAL,XIRECS,5652.0,2
979100,,,MICROCHIP_RECTANGLE,XIRECS,8599.0,2
979100,,,MICROCHIP_SQUARE,XIRECS,13910.0,2
979100,,,MICROCHIP_TRIANGLE,XIRECS,8026.0,2
994400,,,MICROCHIP_CIRCLE,XIRECS,10430.0,3
994400,,,MICROCHIP_OVAL,XIRECS,5567.0,3
994400,,,MICROCHIP_RECTANGLE,XIRECS,8857.0,3
994400,,,MICROCHIP_SQUARE,XIRECS,13434.0,3
994400,,,MICROCHIP_TRIANGLE,XIRECS,8034.0,3
996800,,,MICROCHIP_CIRCLE,XIRECS,10465.0,1
996800,,,MICROCHIP_OVAL,XIRECS,5535.0,1
996800,,,MICROCHIP_RECTANGLE,XIRECS,8836.0,1
996800,,,MICROCHIP_SQUARE,XIRECS,13527.0,1
996800,,,MICROCHIP_TRIANGLE,XIRECS,8014.0,1
